{
  "M2": {
    "forest_acc": 0.585,
    "single_tree_acc": 0.255,
    "flat_acc": 0.535,
    "forest_routing_acc": 0.585,
    "improvement": 0.32999999999999996
  },
  "M4": {
    "with_M4": {
      "mean": 0.9484034004501719,
      "std": 0.00035300642635140085
    },
    "without_M4": {
      "mean": 0.5978304580564878,
      "std": 0.0019081220241424421
    }
  },
  "M5": {
    "with_M5": {
      "mean": 0.9183508772665239,
      "std": 0.0038273244430146653
    },
    "without_M5": {
      "mean": 0.7249922406276454,
      "std": 0.009997300304539207
    }
  },
  "M6": {
    "with_M6": {
      "mean": 0.9781668962821748,
      "std": 0.0021014263452886683
    },
    "without_M6": {
      "mean": 0.6960896350127669,
      "std": 0.011106266645711073
    }
  },
  "M7": {
    "with_M7": {
      "mean": 0.9039739073945434,
      "std": 0.0077298805870678325
    },
    "without_M7": {
      "mean": 0.44774984771487797,
      "std": 0.015443202720431032
    }
  },
  "M9": {
    "with_M9": {
      "mean": 442.0,
      "std": 0.0
    },
    "without_M9": {
      "mean": 1636.296,
      "std": 204.48276304862472
    }
  }
}