{
  "M2": {
    "forest_acc": 0.585,
    "single_tree_acc": 0.255,
    "flat_acc": 0.535,
    "forest_routing_acc": 0.585
  },
  "M4": {
    "with_M4": {
      "mean": 1.0,
      "std": 0.0
    },
    "without_M4": {
      "mean": 0.40750000000000003,
      "std": 0.008838834764831837
    }
  },
  "M5": {
    "with_M5": {
      "mean": 0.925,
      "std": 0.0
    },
    "without_M5": {
      "mean": 0.585,
      "std": 0.0
    }
  },
  "M6": {
    "with_M6": {
      "mean": 1.0,
      "std": 0.0
    },
    "without_M6": {
      "mean": 0.46749999999999997,
      "std": 0.0932216593811641
    }
  },
  "M7": {
    "with_M7": {
      "mean": 0.6666666666666666,
      "std": 0.0
    },
    "without_M7": {
      "mean": 0.2,
      "std": 0.0
    }
  },
  "M9": {
    "with_M9": {
      "mean": 127.0125,
      "std": 0.0
    },
    "without_M9": {
      "mean": 336.7375,
      "std": 0.0
    }
  },
  "M2_full": {
    "forest": {
      "acc@1": {
        "mean": 0.585,
        "std": 0.0
      },
      "acc@10": {
        "mean": 0.585,
        "std": 0.0
      },
      "purity@10": {
        "mean": 0.585,
        "std": 0.0
      },
      "latency": {
        "mean": 1.6235298997780774,
        "std": 0.09467835863338105
      },
      "tokens": {
        "mean": 36.05,
        "std": 0.0
      },
      "routing_acc": {
        "mean": 0.585,
        "std": 0.0
      }
    },
    "single_tree": {
      "acc@1": {
        "mean": 0.255,
        "std": 0.0
      },
      "acc@10": {
        "mean": 0.255,
        "std": 0.0
      },
      "purity@10": {
        "mean": 0.255,
        "std": 0.0
      },
      "latency": {
        "mean": 0.3386177002103068,
        "std": 0.01599148462095978
      },
      "tokens": {
        "mean": 46.19,
        "std": 0.0
      }
    },
    "flat": {
      "acc@1": {
        "mean": 0.535,
        "std": 0.0
      },
      "acc@10": {
        "mean": 0.535,
        "std": 0.0
      },
      "purity@10": {
        "mean": 0.531,
        "std": 0.0
      },
      "latency": {
        "mean": 0.08992220042273402,
        "std": 0.005136684269277504
      },
      "tokens": {
        "mean": 34.25,
        "std": 0.0
      }
    }
  }
}