{
  "optimal_threshold": 0.25000000000000006,
  "routing_accuracy": 0.585,
  "delta_stats": {
    "mean": 0.04656923375538168,
    "std": 0.04807197041061756,
    "min": 0.0004217601330446241,
    "max": 0.24949715762202707
  }
}