{
  "config": {
    "N_VALUES": [
      500,
      1000,
      1500,
      2000,
      3000,
      4000,
      5000
    ],
    "N_RUNS": 10
  },
  "normal": {
    "N": [
      500,
      1000,
      1500,
      2000,
      3000,
      4000,
      5000
    ],
    "flat_mean": [
      512.415,
      497.4025,
      492.3512499999999,
      490.4362499999999,
      485.82874999999996,
      485.68375000000003,
      484.825
    ],
    "flat_std": [
      8.160776617454976,
      1.3121285188578211,
      4.233284961173768,
      4.6716145830429925,
      0.8016789023667723,
      0.9823926468067677,
      0.0
    ],
    "forest_mean": [
      87.51125,
      87.4725,
      87.25625,
      87.87375,
      88.70875,
      87.66875,
      88.54999999999998
    ],
    "forest_std": [
      0.81245096005851,
      1.0728874591493751,
      0.836122935040056,
      0.918498264832329,
      1.0402831645758777,
      1.3949378346363677,
      1.4210854715202004e-14
    ],
    "savings_mean": [
      82.91864158439947,
      82.41369947516893,
      82.27606476644544,
      82.08163796274025,
      81.74072792520401,
      81.94946674432093,
      81.73567782189448
    ],
    "savings_std": [
      0.2430183810675704,
      0.24449406379047706,
      0.2473274469552252,
      0.19470846735754946,
      0.2129491444842148,
      0.2814977843210029,
      1.4210854715202004e-14
    ]
  },
  "abnormal": {
    "N": [
      500,
      1000,
      1500,
      2000,
      3000,
      4000,
      5000
    ],
    "flat_mean": [
      615.7149999999999,
      588.3025,
      578.8512499999999,
      575.13625,
      566.72875,
      566.3837500000001,
      564.825
    ],
    "flat_std": [
      14.913560104817348,
      2.348335846935024,
      7.788096786924274,
      8.544339226207017,
      1.4978114242120113,
      1.75935934717724,
      0.0
    ],
    "forest_mean": [
      101.5925,
      101.57249999999999,
      101.3375,
      101.93625,
      102.77125000000001,
      101.73125,
      102.6125
    ],
    "forest_std": [
      0.7724797731979748,
      1.071882106390438,
      0.8575036443071234,
      0.8780562695522418,
      1.0402831645758777,
      1.3949378346363677,
      0.0
    ],
    "savings_mean": [
      83.49169549366027,
      82.73397155970855,
      82.48983822824228,
      82.27317443719558,
      81.865800342491,
      82.03846471690473,
      81.83286858761564
    ],
    "savings_std": [
      0.3635423529925415,
      0.2271545946311539,
      0.2979072604705029,
      0.24385307090176817,
      0.18581493292407833,
      0.23922776476074253,
      0.0
    ]
  },
  "conclusion": {
    "normal_trend": "Savings increase from 82.9% (N=500) to 81.7% (N=5000)",
    "abnormal_trend": "Savings increase from 83.5% (N=500) to 81.8% (N=5000)",
    "abnormal_advantage": "Abnormal scenarios show significantly higher savings than normal scenarios, especially at larger scales"
  }
}