{
  "normal_N1500": {
    "flat": {
      "mean": 612.325,
      "std": 29.728679334945234
    },
    "forest": {
      "mean": 127.0125,
      "std": 17.685794970823334
    }
  },
  "abnormal_N1500": {
    "flat": {
      "mean": 692.325,
      "std": 29.728679334945234
    },
    "forest": {
      "mean": 141.075,
      "std": 16.807568979480646
    }
  },
  "scale_normal": {
    "flat": [
      566.3125,
      536.8375,
      486.05,
      497.125,
      485.925,
      485.9875,
      484.825
    ],
    "forest": [
      87.7375,
      85.95,
      86.4625,
      86.3875,
      85.9875,
      88.55,
      88.55
    ]
  },
  "scale_abnormal": {
    "flat": [
      766.3125,
      659.8375,
      568.05,
      587.125,
      566.925,
      566.9875,
      564.825
    ],
    "forest": [
      101.8,
      100.0125,
      100.525,
      100.45,
      100.05,
      102.6125,
      102.6125
    ]
  }
}