{
  "pure_retrieval": {
    "flat": {
      "acc@1": {
        "mean": 0.09222222222222223,
        "std": 0.00666666666666667
      },
      "acc@3": {
        "mean": 0.26999999999999996,
        "std": 0.004444444444444448
      },
      "acc@5": {
        "mean": 0.5355555555555556,
        "std": 0.009026709338484368
      },
      "mrr": {
        "mean": 0.1699074074074074,
        "std": 0.0041923079343228736
      },
      "latency": {
        "mean": 0.09636044453751916,
        "std": 0.008575952499567678
      },
      "tokens": {
        "mean": 68.22666666666666,
        "std": 0.25284553426456075
      }
    },
    "forest": {
      "acc@1": {
        "mean": 0.08888888888888888,
        "std": 0.004969039949999533
      },
      "acc@3": {
        "mean": 0.27888888888888885,
        "std": 0.009558139185602907
      },
      "acc@5": {
        "mean": 0.5833333333333333,
        "std": 0.007856742013183881
      },
      "mrr": {
        "mean": 0.21900485008818343,
        "std": 0.0060201257294166125
      },
      "latency": {
        "mean": 1.6080832220743306,
        "std": 0.08886081854306771
      },
      "tokens": {
        "mean": 73.46777777777777,
        "std": 0.1728268954835139
      },
      "routing_acc": {
        "mean": 0.5833333333333333,
        "std": 0.007856742013183881
      }
    }
  },
  "end_to_end": {
    "flat_e2e": {
      "acc": {
        "mean": 0.5355555555555556,
        "std": 0.009026709338484368
      },
      "total_tokens": {
        "mean": 612.1322222222223,
        "std": 0.4810533709257433
      },
      "retrieval_tokens": {
        "mean": 34.13222222222222,
        "std": 0.12883140480565008
      },
      "llm_tokens": {
        "mean": 578.0,
        "std": 0.5067446333773991
      },
      "routing_tokens": {
        "mean": 0.0,
        "std": 0.0
      },
      "dependency_tokens": {
        "mean": 0.0,
        "std": 0.0
      },
      "chain_completeness": {
        "mean": 0.3630555555555556,
        "std": 0.03637298210431053
      }
    },
    "forest_e2e": {
      "acc": {
        "mean": 0.5833333333333333,
        "std": 0.007856742013183881
      },
      "total_tokens": {
        "mean": 126.51333333333335,
        "std": 0.27710139874274486
      },
      "retrieval_tokens": {
        "mean": 36.07777777777778,
        "std": 0.0827013069596838
      },
      "llm_tokens": {
        "mean": 30.0,
        "std": 0.0
      },
      "routing_tokens": {
        "mean": 15.0,
        "std": 0.0
      },
      "dependency_tokens": {
        "mean": 26.474444444444448,
        "std": 0.19310970463622923
      },
      "chain_completeness": {
        "mean": 1.0,
        "std": 0.0
      }
    }
  },
  "scale": {
    "flat": {
      "acc": [
        0.625,
        0.6875,
        0.6,
        0.6,
        0.6,
        0.6,
        0.6
      ],
      "total_tokens": [
        694.6875,
        666.0125,
        648.8875,
        628.8875,
        625.6375,
        615.4,
        612.325
      ],
      "llm_tokens": [
        658.5,
        631.5,
        614.5,
        594.75,
        592.0,
        580.75,
        577.5
      ]
    },
    "forest": {
      "acc": [
        0.55,
        0.5125,
        0.6,
        0.625,
        0.5875,
        0.5875,
        0.6
      ],
      "total_tokens": [
        108.0375,
        108.6625,
        107.025,
        106.4875,
        109.2875,
        123.625,
        127.0125
      ],
      "llm_tokens": [
        30.0,
        30.0,
        30.0,
        30.0,
        30.0,
        30.0,
        30.0
      ]
    }
  },
  "config": {
    "n_runs": 5,
    "n_apis": 5000,
    "n_queries": 200,
    "skill_counts": [
      100,
      300,
      500,
      1000,
      1500,
      3000,
      5000
    ]
  }
}