{
  "clean": {
    "E1": {
      "tp": {
        "mean": 21.0,
        "std": 0.0
      },
      "fp": {
        "mean": 1.0,
        "std": 0.0
      },
      "fn": {
        "mean": 4.0,
        "std": 0.0
      },
      "precision": {
        "mean": 0.9545454545454547,
        "std": 1.1102230246251565e-16
      },
      "recall": {
        "mean": 0.8400000000000001,
        "std": 1.1102230246251565e-16
      },
      "f1": {
        "mean": 0.8936170212765958,
        "std": 0.0
      }
    },
    "E2": {
      "tp": {
        "mean": 10.0,
        "std": 0.0
      },
      "fp": {
        "mean": 2.0,
        "std": 0.0
      },
      "fn": {
        "mean": 0.0,
        "std": 0.0
      },
      "precision": {
        "mean": 0.8333333333333334,
        "std": 0.0
      },
      "recall": {
        "mean": 1.0,
        "std": 0.0
      },
      "f1": {
        "mean": 0.909090909090909,
        "std": 1.1102230246251565e-16
      }
    },
    "E3": {
      "tp": {
        "mean": 15.0,
        "std": 0.0
      },
      "fp": {
        "mean": 1.0,
        "std": 0.0
      },
      "fn": {
        "mean": 0.0,
        "std": 0.0
      },
      "precision": {
        "mean": 0.9375,
        "std": 0.0
      },
      "recall": {
        "mean": 1.0,
        "std": 0.0
      },
      "f1": {
        "mean": 0.967741935483871,
        "std": 0.0
      }
    },
    "E4": {
      "tp": {
        "mean": 15.0,
        "std": 0.0
      },
      "fp": {
        "mean": 0.0,
        "std": 0.0
      },
      "fn": {
        "mean": 5.0,
        "std": 0.0
      },
      "precision": {
        "mean": 1.0,
        "std": 0.0
      },
      "recall": {
        "mean": 0.75,
        "std": 0.0
      },
      "f1": {
        "mean": 0.8571428571428571,
        "std": 0.0
      }
    }
  },
  "noisy": {
    "E1": {
      "tp": {
        "mean": 19.0,
        "std": 0.6324555320336759
      },
      "fp": {
        "mean": 0.8,
        "std": 0.4000000000000001
      },
      "fn": {
        "mean": 6.0,
        "std": 0.6324555320336759
      },
      "precision": {
        "mean": 0.9594736842105263,
        "std": 0.02028877396568042
      },
      "recall": {
        "mean": 0.76,
        "std": 0.025298221281347056
      },
      "f1": {
        "mean": 0.848080808080808,
        "std": 0.022798765219662072
      }
    },
    "E2": {
      "tp": {
        "mean": 8.6,
        "std": 0.48989794855663565
      },
      "fp": {
        "mean": 2.0,
        "std": 0.0
      },
      "fn": {
        "mean": 1.4,
        "std": 0.4898979485566356
      },
      "precision": {
        "mean": 0.8109090909090909,
        "std": 0.00890723542830247
      },
      "recall": {
        "mean": 0.8600000000000001,
        "std": 0.04898979485566355
      },
      "f1": {
        "mean": 0.8342857142857145,
        "std": 0.02799416848895056
      }
    },
    "E3": {
      "tp": {
        "mean": 14.4,
        "std": 0.8
      },
      "fp": {
        "mean": 1.0,
        "std": 0.0
      },
      "fn": {
        "mean": 0.6,
        "std": 0.8
      },
      "precision": {
        "mean": 0.9348809523809525,
        "std": 0.0035435419205088483
      },
      "recall": {
        "mean": 0.9600000000000002,
        "std": 0.05333333333333332
      },
      "f1": {
        "mean": 0.9466221727845756,
        "std": 0.02836115727914081
      }
    },
    "E4": {
      "tp": {
        "mean": 14.2,
        "std": 0.7483314773547882
      },
      "fp": {
        "mean": 0.0,
        "std": 0.0
      },
      "fn": {
        "mean": 5.8,
        "std": 0.7483314773547882
      },
      "precision": {
        "mean": 1.0,
        "std": 0.0
      },
      "recall": {
        "mean": 0.71,
        "std": 0.03741657386773941
      },
      "f1": {
        "mean": 0.8298446651387827,
        "std": 0.02581194404899075
      }
    }
  },
  "macro_clean": {
    "precision": {
      "mean": 0.931344696969697,
      "std": 0.0
    },
    "recall": {
      "mean": 0.8975,
      "std": 0.0
    },
    "f1": {
      "mean": 0.9068981807485581,
      "std": 1.1102230246251565e-16
    }
  },
  "macro_noisy": {
    "precision": {
      "mean": 0.9263159318751424,
      "std": 0.00463039640598691
    },
    "recall": {
      "mean": 0.8225,
      "std": 0.012791055902899964
    },
    "f1": {
      "mean": 0.8647083400724702,
      "std": 0.007198416937323236
    }
  },
  "weighted_clean": {
    "precision": {
      "mean": 0.9465638528138529,
      "std": 0.0
    },
    "recall": {
      "mean": 0.8714285714285716,
      "std": 1.1102230246251565e-16
    },
    "f1": {
      "mean": 0.9012902971134171,
      "std": 1.1102230246251565e-16
    }
  },
  "weighted_noisy": {
    "precision": {
      "mean": 0.9445592471438337,
      "std": 0.006931750296163063
    },
    "recall": {
      "mean": 0.8028571428571428,
      "std": 0.01069044967649697
    },
    "f1": {
      "mean": 0.8620157605631663,
      "std": 0.00799637267281786
    }
  },
  "n_conversations": 100,
  "n_noise": 30,
  "note": "REAL rule-based extraction, not simulation"
}